Workbook

Sheet 年間区分表
A1: コンクリート配合 年間期間区分表（S値補正 × 混和剤の種類）
A2: S値の補正期間と混和剤の切替期間が一致しないため、両方を重ね合わせて年間9区分に整理したものです。（1/1～2/20 と 12/8～12/31 は年をまたいで連続＝12/8～2/20）
L3: ▼ 計算用
A4: 区分 | B4: 開始 | C4: 終了 | D4: 日数 （平年） | E4: S値補正 | F4: 混和剤の 適用期 | G4: AE減水剤 | H4: 高性能AE減水剤 | I4: 備考 | J4: 検証 | L4: 開始キー | M4: 終了キー | N4: 組合せ
A5: ① | B5: 1/1 | C5: 2/20 | D5: =IF($L5<=$M5,COUNTIFS(日別データ!$D:$D,">="&$L5,日別データ!$D:$D,"<="&$M5),COUNTIFS(日別データ!$D:$D,">="&$L5)+COUNTIFS(日別データ!$D:$D,"<="&$M5)) -> 51 | E5: =INDEX(日別データ!$E:$E,MATCH($L5,日別データ!$D:$D,0)) -> 6 | F5: =INDEX(日別データ!$G:$G,MATCH($L5,日別データ!$D:$D,0)) -> 冬期 | G5: =INDEX(日別データ!$F:$F,MATCH($L5,日別データ!$D:$D,0)) -> 標準形 | H5: =$G5 -> 標準形 | I5: 冬期。12/8からの継続期間 | J5: =IF(IF($L5<=$M5,COUNTIFS(日別データ!$D:$D,">="&$L5,日別データ!$D:$D,"<="&$M5,日別データ!$H:$H,$N5),COUNTIFS(日別データ!$D:$D,">="&$L5,日別データ!$H:$H,$N5)+COUNTIFS(日別データ!$D:$D,"<="&$M5,日別データ!$H:$H,$N5))=$D5,"OK","要確認") -> OK | L5: =VALUE(LEFT(B5,FIND("/",B5)-1))*100+VALUE(MID(B5,FIND("/",B5)+1,5)) -> 101 | M5: =VALUE(LEFT(C5,FIND("/",C5)-1))*100+VALUE(MID(C5,FIND("/",C5)+1,5)) -> 220 | N5: =INDEX(日別データ!$H:$H,MATCH($L5,日別データ!$D:$D,0)) -> S値+6／標準形（冬期）
A6: ② | B6: 2/21 | C6: 3/7 | D6: =IF($L6<=$M6,COUNTIFS(日別データ!$D:$D,">="&$L6,日別データ!$D:$D,"<="&$M6),COUNTIFS(日別データ!$D:$D,">="&$L6)+COUNTIFS(日別データ!$D:$D,"<="&$M6)) -> 15 | E6: =INDEX(日別データ!$E:$E,MATCH($L6,日別データ!$D:$D,0)) -> 3 | F6: =INDEX(日別データ!$G:$G,MATCH($L6,日別データ!$D:$D,0)) -> 冬期 | G6: =INDEX(日別データ!$F:$F,MATCH($L6,日別データ!$D:$D,0)) -> 標準形 | H6: =$G6 -> 標準形 | I6: S値のみ+3へ切替（混和剤は冬期のまま） | J6: =IF(IF($L6<=$M6,COUNTIFS(日別データ!$D:$D,">="&$L6,日別データ!$D:$D,"<="&$M6,日別データ!$H:$H,$N6),COUNTIFS(日別データ!$D:$D,">="&$L6,日別データ!$H:$H,$N6)+COUNTIFS(日別データ!$D:$D,"<="&$M6,日別データ!$H:$H,$N6))=$D6,"OK","要確認") -> OK | L6: =VALUE(LEFT(B6,FIND("/",B6)-1))*100+VALUE(MID(B6,FIND("/",B6)+1,5)) -> 221 | M6: =VALUE(LEFT(C6,FIND("/",C6)-1))*100+VALUE(MID(C6,FIND("/",C6)+1,5)) -> 307 | N6: =INDEX(日別データ!$H:$H,MATCH($L6,日別データ!$D:$D,0)) -> S値+3／標準形（冬期）
A7: ③ | B7: 3/8 | C7: 6/15 | D7: =IF($L7<=$M7,COUNTIFS(日別データ!$D:$D,">="&$L7,日別データ!$D:$D,"<="&$M7),COUNTIFS(日別データ!$D:$D,">="&$L7)+COUNTIFS(日別データ!$D:$D,"<="&$M7)) -> 100 | E7: =INDEX(日別データ!$E:$E,MATCH($L7,日別データ!$D:$D,0)) -> 3 | F7: =INDEX(日別データ!$G:$G,MATCH($L7,日別データ!$D:$D,0)) -> 標準期 | G7: =INDEX(日別データ!$F:$F,MATCH($L7,日別データ!$D:$D,0)) -> 標準形 | H7: =$G7 -> 標準形 | I7: 冬期→標準期へ切替 | J7: =IF(IF($L7<=$M7,COUNTIFS(日別データ!$D:$D,">="&$L7,日別データ!$D:$D,"<="&$M7,日別データ!$H:$H,$N7),COUNTIFS(日別データ!$D:$D,">="&$L7,日別データ!$H:$H,$N7)+COUNTIFS(日別データ!$D:$D,"<="&$M7,日別データ!$H:$H,$N7))=$D7,"OK","要確認") -> OK | L7: =VALUE(LEFT(B7,FIND("/",B7)-1))*100+VALUE(MID(B7,FIND("/",B7)+1,5)) -> 308 | M7: =VALUE(LEFT(C7,FIND("/",C7)-1))*100+VALUE(MID(C7,FIND("/",C7)+1,5)) -> 615 | N7: =INDEX(日別データ!$H:$H,MATCH($L7,日別データ!$D:$D,0)) -> S値+3／標準形（標準期）
A8: ④ | B8: 6/16 | C8: 6/29 | D8: =IF($L8<=$M8,COUNTIFS(日別データ!$D:$D,">="&$L8,日別データ!$D:$D,"<="&$M8),COUNTIFS(日別データ!$D:$D,">="&$L8)+COUNTIFS(日別データ!$D:$D,"<="&$M8)) -> 14 | E8: =INDEX(日別データ!$E:$E,MATCH($L8,日別データ!$D:$D,0)) -> 3 | F8: =INDEX(日別データ!$G:$G,MATCH($L8,日別データ!$D:$D,0)) -> 夏期 | G8: =INDEX(日別データ!$F:$F,MATCH($L8,日別データ!$D:$D,0)) -> 遅延形 | H8: =$G8 -> 遅延形 | I8: 混和剤のみ遅延形へ先行切替（S値は+3のまま） | J8: =IF(IF($L8<=$M8,COUNTIFS(日別データ!$D:$D,">="&$L8,日別データ!$D:$D,"<="&$M8,日別データ!$H:$H,$N8),COUNTIFS(日別データ!$D:$D,">="&$L8,日別データ!$H:$H,$N8)+COUNTIFS(日別データ!$D:$D,"<="&$M8,日別データ!$H:$H,$N8))=$D8,"OK","要確認") -> OK | L8: =VALUE(LEFT(B8,FIND("/",B8)-1))*100+VALUE(MID(B8,FIND("/",B8)+1,5)) -> 616 | M8: =VALUE(LEFT(C8,FIND("/",C8)-1))*100+VALUE(MID(C8,FIND("/",C8)+1,5)) -> 629 | N8: =INDEX(日別データ!$H:$H,MATCH($L8,日別データ!$D:$D,0)) -> S値+3／遅延形（夏期）
A9: ⑤ | B9: 6/30 | C9: 9/14 | D9: =IF($L9<=$M9,COUNTIFS(日別データ!$D:$D,">="&$L9,日別データ!$D:$D,"<="&$M9),COUNTIFS(日別データ!$D:$D,">="&$L9)+COUNTIFS(日別データ!$D:$D,"<="&$M9)) -> 77 | E9: =INDEX(日別データ!$E:$E,MATCH($L9,日別データ!$D:$D,0)) -> 6 | F9: =INDEX(日別データ!$G:$G,MATCH($L9,日別データ!$D:$D,0)) -> 夏期 | G9: =INDEX(日別データ!$F:$F,MATCH($L9,日別データ!$D:$D,0)) -> 遅延形 | H9: =$G9 -> 遅延形 | I9: 夏期のピーク期間 | J9: =IF(IF($L9<=$M9,COUNTIFS(日別データ!$D:$D,">="&$L9,日別データ!$D:$D,"<="&$M9,日別データ!$H:$H,$N9),COUNTIFS(日別データ!$D:$D,">="&$L9,日別データ!$H:$H,$N9)+COUNTIFS(日別データ!$D:$D,"<="&$M9,日別データ!$H:$H,$N9))=$D9,"OK","要確認") -> OK | L9: =VALUE(LEFT(B9,FIND("/",B9)-1))*100+VALUE(MID(B9,FIND("/",B9)+1,5)) -> 630 | M9: =VALUE(LEFT(C9,FIND("/",C9)-1))*100+VALUE(MID(C9,FIND("/",C9)+1,5)) -> 914 | N9: =INDEX(日別データ!$H:$H,MATCH($L9,日別データ!$D:$D,0)) -> S値+6／遅延形（夏期）
A10: ⑥ | B10: 9/15 | C10: 9/23 | D10: =IF($L10<=$M10,COUNTIFS(日別データ!$D:$D,">="&$L10,日別データ!$D:$D,"<="&$M10),COUNTIFS(日別データ!$D:$D,">="&$L10)+COUNTIFS(日別データ!$D:$D,"<="&$M10)) -> 9 | E10: =INDEX(日別データ!$E:$E,MATCH($L10,日別データ!$D:$D,0)) -> 3 | F10: =INDEX(日別データ!$G:$G,MATCH($L10,日別データ!$D:$D,0)) -> 夏期 | G10: =INDEX(日別データ!$F:$F,MATCH($L10,日別データ!$D:$D,0)) -> 遅延形 | H10: =$G10 -> 遅延形 | I10: S値のみ+3へ戻る（混和剤は夏期のまま） | J10: =IF(IF($L10<=$M10,COUNTIFS(日別データ!$D:$D,">="&$L10,日別データ!$D:$D,"<="&$M10,日別データ!$H:$H,$N10),COUNTIFS(日別データ!$D:$D,">="&$L10,日別データ!$H:$H,$N10)+COUNTIFS(日別データ!$D:$D,"<="&$M10,日別データ!$H:$H,$N10))=$D10,"OK","要確認") -> OK | L10: =VALUE(LEFT(B10,FIND("/",B10)-1))*100+VALUE(MID(B10,FIND("/",B10)+1,5)) -> 915 | M10: =VALUE(LEFT(C10,FIND("/",C10)-1))*100+VALUE(MID(C10,FIND("/",C10)+1,5)) -> 923 | N10: =INDEX(日別データ!$H:$H,MATCH($L10,日別データ!$D:$D,0)) -> S値+3／遅延形（夏期）
A11: ⑦ | B11: 9/24 | C11: 11/26 | D11: =IF($L11<=$M11,COUNTIFS(日別データ!$D:$D,">="&$L11,日別データ!$D:$D,"<="&$M11),COUNTIFS(日別データ!$D:$D,">="&$L11)+COUNTIFS(日別データ!$D:$D,"<="&$M11)) -> 64 | E11: =INDEX(日別データ!$E:$E,MATCH($L11,日別データ!$D:$D,0)) -> 3 | F11: =INDEX(日別データ!$G:$G,MATCH($L11,日別データ!$D:$D,0)) -> 標準期 | G11: =INDEX(日別データ!$F:$F,MATCH($L11,日別データ!$D:$D,0)) -> 標準形 | H11: =$G11 -> 標準形 | I11: 夏期→標準期へ切替 | J11: =IF(IF($L11<=$M11,COUNTIFS(日別データ!$D:$D,">="&$L11,日別データ!$D:$D,"<="&$M11,日別データ!$H:$H,$N11),COUNTIFS(日別データ!$D:$D,">="&$L11,日別データ!$H:$H,$N11)+COUNTIFS(日別データ!$D:$D,"<="&$M11,日別データ!$H:$H,$N11))=$D11,"OK","要確認") -> OK | L11: =VALUE(LEFT(B11,FIND("/",B11)-1))*100+VALUE(MID(B11,FIND("/",B11)+1,5)) -> 924 | M11: =VALUE(LEFT(C11,FIND("/",C11)-1))*100+VALUE(MID(C11,FIND("/",C11)+1,5)) -> 1126 | N11: =INDEX(日別データ!$H:$H,MATCH($L11,日別データ!$D:$D,0)) -> S値+3／標準形（標準期）
A12: ⑧ | B12: 11/27 | C12: 12/7 | D12: =IF($L12<=$M12,COUNTIFS(日別データ!$D:$D,">="&$L12,日別データ!$D:$D,"<="&$M12),COUNTIFS(日別データ!$D:$D,">="&$L12)+COUNTIFS(日別データ!$D:$D,"<="&$M12)) -> 11 | E12: =INDEX(日別データ!$E:$E,MATCH($L12,日別データ!$D:$D,0)) -> 6 | F12: =INDEX(日別データ!$G:$G,MATCH($L12,日別データ!$D:$D,0)) -> 標準期 | G12: =INDEX(日別データ!$F:$F,MATCH($L12,日別データ!$D:$D,0)) -> 標準形 | H12: =$G12 -> 標準形 | I12: S値のみ+6へ先行切替（混和剤は標準期のまま） | J12: =IF(IF($L12<=$M12,COUNTIFS(日別データ!$D:$D,">="&$L12,日別データ!$D:$D,"<="&$M12,日別データ!$H:$H,$N12),COUNTIFS(日別データ!$D:$D,">="&$L12,日別データ!$H:$H,$N12)+COUNTIFS(日別データ!$D:$D,"<="&$M12,日別データ!$H:$H,$N12))=$D12,"OK","要確認") -> OK | L12: =VALUE(LEFT(B12,FIND("/",B12)-1))*100+VALUE(MID(B12,FIND("/",B12)+1,5)) -> 1127 | M12: =VALUE(LEFT(C12,FIND("/",C12)-1))*100+VALUE(MID(C12,FIND("/",C12)+1,5)) -> 1207 | N12: =INDEX(日別データ!$H:$H,MATCH($L12,日別データ!$D:$D,0)) -> S値+6／標準形（標準期）
A13: ⑨ | B13: 12/8 | C13: 12/31 | D13: =IF($L13<=$M13,COUNTIFS(日別データ!$D:$D,">="&$L13,日別データ!$D:$D,"<="&$M13),COUNTIFS(日別データ!$D:$D,">="&$L13)+COUNTIFS(日別データ!$D:$D,"<="&$M13)) -> 24 | E13: =INDEX(日別データ!$E:$E,MATCH($L13,日別データ!$D:$D,0)) -> 6 | F13: =INDEX(日別データ!$G:$G,MATCH($L13,日別データ!$D:$D,0)) -> 冬期 | G13: =INDEX(日別データ!$F:$F,MATCH($L13,日別データ!$D:$D,0)) -> 標準形 | H13: =$G13 -> 標準形 | I13: 標準期→冬期へ切替。翌年2/20まで継続 | J13: =IF(IF($L13<=$M13,COUNTIFS(日別データ!$D:$D,">="&$L13,日別データ!$D:$D,"<="&$M13,日別データ!$H:$H,$N13),COUNTIFS(日別データ!$D:$D,">="&$L13,日別データ!$H:$H,$N13)+COUNTIFS(日別データ!$D:$D,"<="&$M13,日別データ!$H:$H,$N13))=$D13,"OK","要確認") -> OK | L13: =VALUE(LEFT(B13,FIND("/",B13)-1))*100+VALUE(MID(B13,FIND("/",B13)+1,5)) -> 1208 | M13: =VALUE(LEFT(C13,FIND("/",C13)-1))*100+VALUE(MID(C13,FIND("/",C13)+1,5)) -> 1231 | N13: =INDEX(日別データ!$H:$H,MATCH($L13,日別データ!$D:$D,0)) -> S値+6／標準形（冬期）
A14: 合計 | D14: =SUM(D5:D13) -> 365 | I14: 平年の年間日数と一致すればOK | J14: =IF(D14=365,"OK","要確認") -> OK
A16: 【S値と混和剤の切替日の比較】
A17: ="S値の切替日 ： "&B6&"（+6→+3） "&B9&"（+3→+6） "&B10&"（+6→+3） "&B12&"（+3→+6）" -> S値の切替日 ： 2/21（+6→+3） 6/30（+3→+6） 9/15（+6→+3） 11/27（+3→+6）
A18: ="混和剤の切替日 ： "&B7&"（冬期→標準期） "&B8&"（標準期→夏期） "&B11&"（夏期→標準期） "&B13&"（標準期→冬期）" -> 混和剤の切替日 ： 3/8（冬期→標準期） 6/16（標準期→夏期） 9/24（夏期→標準期） 12/8（標準期→冬期）
A19: ="→ 両者がずれる期間（備考が黄色の区分）：②"&B6&"～"&C6&"（"&D6&"日） ④"&B8&"～"&C8&"（"&D8&"日） ⑥"&B10&"～"&C10&"（"&D10&"日） ⑧"&B12&"～"&C12&"（"&D12&"日）" -> → 両者がずれる期間（備考が黄色の区分）：②2/21～3/7（15日） ④6/16～6/29（14日） ⑥9/15～9/23（9日） ⑧11/27～12/7（11日）
A21: 【この表の見方・前提】
A22: ・S値補正：+6＝6/30～9/14, 11/27～2/20／+3＝それ以外（ご提示条件）。
A23: ・混和剤：AE減水剤・高性能AE減水剤とも、標準期 3/8～6/15・9/24～12/7＝標準形、夏期 6/16～9/23＝遅延形、冬期 12/8～3/7＝標準形。両剤の日程は同一のため H列は G列を参照しています。
A24: ・青字の開始／終了日は、上記2つの条件を重ね合わせて切り替わる日（区切り日）です。「前提条件」シートの期間を変更した場合は、この青字の日付も合わせて見直してください。
A25: ・J列「検証」は、その区分の全日が同じ組合せかどうかを日別データから数式で照合した結果です（すべてOKで整合）。
A26: ・日数は平年（365日）。うるう年は 2/29 が区分②に入り、区分②が16日・合計366日になります。
A27: ・備考欄が黄色の区分（②④⑥⑧）は、S値と混和剤のどちらか一方だけが切り替わる「ずれ期間」です。
A28: ・出典：ご提示条件（2026-08-24 受領）。

Sheet 年間カレンダー
A1: 年間カレンダー（S値補正／混和剤の適用期）
A2: 1日ごとの判定を月×日のマトリクスで表示します。値は「日別データ」から自動参照しています。
A4: ■ S値補正（+6／+3）
A5: 月＼日 | B5: 1 | C5: 2 | D5: 3 | E5: 4 | F5: 5 | G5: 6 | H5: 7 | I5: 8 | J5: 9 | K5: 10 | L5: 11 | M5: 12 | N5: 13 | O5: 14 | P5: 15 | Q5: 16 | R5: 17 | S5: 18 | T5: 19 | U5: 20 | V5: 21 | W5: 22 | X5: 23 | Y5: 24 | Z5: 25 | AA5: 26 | AB5: 27 | AC5: 28 | AD5: 29 | AE5: 30 | AF5: 31
A6: 1 | B6: =IFERROR(INDEX(日別データ!$E:$E,MATCH($A6*100+B$5,日別データ!$D:$D,0)),"") -> 6 | C6: =IFERROR(INDEX(日別データ!$E:$E,MATCH($A6*100+C$5,日別データ!$D:$D,0)),"") -> 6 | D6: =IFERROR(INDEX(日別データ!$E:$E,MATCH($A6*100+D$5,日別データ!$D:$D,0)),"") -> 6 | E6: =IFERROR(INDEX(日別データ!$E:$E,MATCH($A6*100+E$5,日別データ!$D:$D,0)),"") -> 6 | F6: =IFERROR(INDEX(日別データ!$E:$E,MATCH($A6*100+F$5,日別データ!$D:$D,0)),"") -> 6 | G6: =IFERROR(INDEX(日別データ!$E:$E,MATCH($A6*100+G$5,日別データ!$D:$D,0)),"") -> 6 | H6: =IFERROR(INDEX(日別データ!$E:$E,MATCH($A6*100+H$5,日別データ!$D:$D,0)),"") -> 6 | I6: =IFERROR(INDEX(日別データ!$E:$E,MATCH($A6*100+I$5,日別データ!$D:$D,0)),"") -> 6 | ... AF6: =IFERROR(INDEX(日別データ!$E:$E,MATCH($A6*100+AF$5,日別データ!$D:$D,0)),"") -> 6
A7: 2 | B7: =IFERROR(INDEX(日別データ!$E:$E,MATCH($A7*100+B$5,日別データ!$D:$D,0)),"") -> 6 | C7: =IFERROR(INDEX(日別データ!$E:$E,MATCH($A7*100+C$5,日別データ!$D:$D,0)),"") -> 6 | D7: =IFERROR(INDEX(日別データ!$E:$E,MATCH($A7*100+D$5,日別データ!$D:$D,0)),"") -> 6 | E7: =IFERROR(INDEX(日別データ!$E:$E,MATCH($A7*100+E$5,日別データ!$D:$D,0)),"") -> 6 | F7: =IFERROR(INDEX(日別データ!$E:$E,MATCH($A7*100+F$5,日別データ!$D:$D,0)),"") -> 6 | G7: =IFERROR(INDEX(日別データ!$E:$E,MATCH($A7*100+G$5,日別データ!$D:$D,0)),"") -> 6 | H7: =IFERROR(INDEX(日別データ!$E:$E,MATCH($A7*100+H$5,日別データ!$D:$D,0)),"") -> 6 | I7: =IFERROR(INDEX(日別データ!$E:$E,MATCH($A7*100+I$5,日別データ!$D:$D,0)),"") -> 6 | ... AF7: =IFERROR(INDEX(日別データ!$E:$E,MATCH($A7*100+AF$5,日別データ!$D:$D,0)),"")
A8: 3 | B8: =IFERROR(INDEX(日別データ!$E:$E,MATCH($A8*100+B$5,日別データ!$D:$D,0)),"") -> 3 | C8: =IFERROR(INDEX(日別データ!$E:$E,MATCH($A8*100+C$5,日別データ!$D:$D,0)),"") -> 3 | D8: =IFERROR(INDEX(日別データ!$E:$E,MATCH($A8*100+D$5,日別データ!$D:$D,0)),"") -> 3 | E8: =IFERROR(INDEX(日別データ!$E:$E,MATCH($A8*100+E$5,日別データ!$D:$D,0)),"") -> 3 | F8: =IFERROR(INDEX(日別データ!$E:$E,MATCH($A8*100+F$5,日別データ!$D:$D,0)),"") -> 3 | G8: =IFERROR(INDEX(日別データ!$E:$E,MATCH($A8*100+G$5,日別データ!$D:$D,0)),"") -> 3 | H8: =IFERROR(INDEX(日別データ!$E:$E,MATCH($A8*100+H$5,日別データ!$D:$D,0)),"") -> 3 | I8: =IFERROR(INDEX(日別データ!$E:$E,MATCH($A8*100+I$5,日別データ!$D:$D,0)),"") -> 3 | ... AF8: =IFERROR(INDEX(日別データ!$E:$E,MATCH($A8*100+AF$5,日別データ!$D:$D,0)),"") -> 3
A9: 4 | B9: =IFERROR(INDEX(日別データ!$E:$E,MATCH($A9*100+B$5,日別データ!$D:$D,0)),"") -> 3 | C9: =IFERROR(INDEX(日別データ!$E:$E,MATCH($A9*100+C$5,日別データ!$D:$D,0)),"") -> 3 | D9: =IFERROR(INDEX(日別データ!$E:$E,MATCH($A9*100+D$5,日別データ!$D:$D,0)),"") -> 3 | E9: =IFERROR(INDEX(日別データ!$E:$E,MATCH($A9*100+E$5,日別データ!$D:$D,0)),"") -> 3 | F9: =IFERROR(INDEX(日別データ!$E:$E,MATCH($A9*100+F$5,日別データ!$D:$D,0)),"") -> 3 | G9: =IFERROR(INDEX(日別データ!$E:$E,MATCH($A9*100+G$5,日別データ!$D:$D,0)),"") -> 3 | H9: =IFERROR(INDEX(日別データ!$E:$E,MATCH($A9*100+H$5,日別データ!$D:$D,0)),"") -> 3 | I9: =IFERROR(INDEX(日別データ!$E:$E,MATCH($A9*100+I$5,日別データ!$D:$D,0)),"") -> 3 | ... AF9: =IFERROR(INDEX(日別データ!$E:$E,MATCH($A9*100+AF$5,日別データ!$D:$D,0)),"")
A10: 5 | B10: =IFERROR(INDEX(日別データ!$E:$E,MATCH($A10*100+B$5,日別データ!$D:$D,0)),"") -> 3 | C10: =IFERROR(INDEX(日別データ!$E:$E,MATCH($A10*100+C$5,日別データ!$D:$D,0)),"") -> 3 | D10: =IFERROR(INDEX(日別データ!$E:$E,MATCH($A10*100+D$5,日別データ!$D:$D,0)),"") -> 3 | E10: =IFERROR(INDEX(日別データ!$E:$E,MATCH($A10*100+E$5,日別データ!$D:$D,0)),"") -> 3 | F10: =IFERROR(INDEX(日別データ!$E:$E,MATCH($A10*100+F$5,日別データ!$D:$D,0)),"") -> 3 | G10: =IFERROR(INDEX(日別データ!$E:$E,MATCH($A10*100+G$5,日別データ!$D:$D,0)),"") -> 3 | H10: =IFERROR(INDEX(日別データ!$E:$E,MATCH($A10*100+H$5,日別データ!$D:$D,0)),"") -> 3 | I10: =IFERROR(INDEX(日別データ!$E:$E,MATCH($A10*100+I$5,日別データ!$D:$D,0)),"") -> 3 | ... AF10: =IFERROR(INDEX(日別データ!$E:$E,MATCH($A10*100+AF$5,日別データ!$D:$D,0)),"") -> 3
A11: 6 | B11: =IFERROR(INDEX(日別データ!$E:$E,MATCH($A11*100+B$5,日別データ!$D:$D,0)),"") -> 3 | C11: =IFERROR(INDEX(日別データ!$E:$E,MATCH($A11*100+C$5,日別データ!$D:$D,0)),"") -> 3 | D11: =IFERROR(INDEX(日別データ!$E:$E,MATCH($A11*100+D$5,日別データ!$D:$D,0)),"") -> 3 | E11: =IFERROR(INDEX(日別データ!$E:$E,MATCH($A11*100+E$5,日別データ!$D:$D,0)),"") -> 3 | F11: =IFERROR(INDEX(日別データ!$E:$E,MATCH($A11*100+F$5,日別データ!$D:$D,0)),"") -> 3 | G11: =IFERROR(INDEX(日別データ!$E:$E,MATCH($A11*100+G$5,日別データ!$D:$D,0)),"") -> 3 | H11: =IFERROR(INDEX(日別データ!$E:$E,MATCH($A11*100+H$5,日別データ!$D:$D,0)),"") -> 3 | I11: =IFERROR(INDEX(日別データ!$E:$E,MATCH($A11*100+I$5,日別データ!$D:$D,0)),"") -> 3 | ... AF11: =IFERROR(INDEX(日別データ!$E:$E,MATCH($A11*100+AF$5,日別データ!$D:$D,0)),"")
A12: 7 | B12: =IFERROR(INDEX(日別データ!$E:$E,MATCH($A12*100+B$5,日別データ!$D:$D,0)),"") -> 6 | C12: =IFERROR(INDEX(日別データ!$E:$E,MATCH($A12*100+C$5,日別データ!$D:$D,0)),"") -> 6 | D12: =IFERROR(INDEX(日別データ!$E:$E,MATCH($A12*100+D$5,日別データ!$D:$D,0)),"") -> 6 | E12: =IFERROR(INDEX(日別データ!$E:$E,MATCH($A12*100+E$5,日別データ!$D:$D,0)),"") -> 6 | F12: =IFERROR(INDEX(日別データ!$E:$E,MATCH($A12*100+F$5,日別データ!$D:$D,0)),"") -> 6 | G12: =IFERROR(INDEX(日別データ!$E:$E,MATCH($A12*100+G$5,日別データ!$D:$D,0)),"") -> 6 | H12: =IFERROR(INDEX(日別データ!$E:$E,MATCH($A12*100+H$5,日別データ!$D:$D,0)),"") -> 6 | I12: =IFERROR(INDEX(日別データ!$E:$E,MATCH($A12*100+I$5,日別データ!$D:$D,0)),"") -> 6 | ... AF12: =IFERROR(INDEX(日別データ!$E:$E,MATCH($A12*100+AF$5,日別データ!$D:$D,0)),"") -> 6
A13: 8 | B13: =IFERROR(INDEX(日別データ!$E:$E,MATCH($A13*100+B$5,日別データ!$D:$D,0)),"") -> 6 | C13: =IFERROR(INDEX(日別データ!$E:$E,MATCH($A13*100+C$5,日別データ!$D:$D,0)),"") -> 6 | D13: =IFERROR(INDEX(日別データ!$E:$E,MATCH($A13*100+D$5,日別データ!$D:$D,0)),"") -> 6 | E13: =IFERROR(INDEX(日別データ!$E:$E,MATCH($A13*100+E$5,日別データ!$D:$D,0)),"") -> 6 | F13: =IFERROR(INDEX(日別データ!$E:$E,MATCH($A13*100+F$5,日別データ!$D:$D,0)),"") -> 6 | G13: =IFERROR(INDEX(日別データ!$E:$E,MATCH($A13*100+G$5,日別データ!$D:$D,0)),"") -> 6 | H13: =IFERROR(INDEX(日別データ!$E:$E,MATCH($A13*100+H$5,日別データ!$D:$D,0)),"") -> 6 | I13: =IFERROR(INDEX(日別データ!$E:$E,MATCH($A13*100+I$5,日別データ!$D:$D,0)),"") -> 6 | ... AF13: =IFERROR(INDEX(日別データ!$E:$E,MATCH($A13*100+AF$5,日別データ!$D:$D,0)),"") -> 6
A14: 9 | B14: =IFERROR(INDEX(日別データ!$E:$E,MATCH($A14*100+B$5,日別データ!$D:$D,0)),"") -> 6 | C14: =IFERROR(INDEX(日別データ!$E:$E,MATCH($A14*100+C$5,日別データ!$D:$D,0)),"") -> 6 | D14: =IFERROR(INDEX(日別データ!$E:$E,MATCH($A14*100+D$5,日別データ!$D:$D,0)),"") -> 6 | E14: =IFERROR(INDEX(日別データ!$E:$E,MATCH($A14*100+E$5,日別データ!$D:$D,0)),"") -> 6 | F14: =IFERROR(INDEX(日別データ!$E:$E,MATCH($A14*100+F$5,日別データ!$D:$D,0)),"") -> 6 | G14: =IFERROR(INDEX(日別データ!$E:$E,MATCH($A14*100+G$5,日別データ!$D:$D,0)),"") -> 6 | H14: =IFERROR(INDEX(日別データ!$E:$E,MATCH($A14*100+H$5,日別データ!$D:$D,0)),"") -> 6 | I14: =IFERROR(INDEX(日別データ!$E:$E,MATCH($A14*100+I$5,日別データ!$D:$D,0)),"") -> 6 | ... AF14: =IFERROR(INDEX(日別データ!$E:$E,MATCH($A14*100+AF$5,日別データ!$D:$D,0)),"")
A15: 10 | B15: =IFERROR(INDEX(日別データ!$E:$E,MATCH($A15*100+B$5,日別データ!$D:$D,0)),"") -> 3 | C15: =IFERROR(INDEX(日別データ!$E:$E,MATCH($A15*100+C$5,日別データ!$D:$D,0)),"") -> 3 | D15: =IFERROR(INDEX(日別データ!$E:$E,MATCH($A15*100+D$5,日別データ!$D:$D,0)),"") -> 3 | E15: =IFERROR(INDEX(日別データ!$E:$E,MATCH($A15*100+E$5,日別データ!$D:$D,0)),"") -> 3 | F15: =IFERROR(INDEX(日別データ!$E:$E,MATCH($A15*100+F$5,日別データ!$D:$D,0)),"") -> 3 | G15: =IFERROR(INDEX(日別データ!$E:$E,MATCH($A15*100+G$5,日別データ!$D:$D,0)),"") -> 3 | H15: =IFERROR(INDEX(日別データ!$E:$E,MATCH($A15*100+H$5,日別データ!$D:$D,0)),"") -> 3 | I15: =IFERROR(INDEX(日別データ!$E:$E,MATCH($A15*100+I$5,日別データ!$D:$D,0)),"") -> 3 | ... AF15: =IFERROR(INDEX(日別データ!$E:$E,MATCH($A15*100+AF$5,日別データ!$D:$D,0)),"") -> 3
A16: 11 | B16: =IFERROR(INDEX(日別データ!$E:$E,MATCH($A16*100+B$5,日別データ!$D:$D,0)),"") -> 3 | C16: =IFERROR(INDEX(日別データ!$E:$E,MATCH($A16*100+C$5,日別データ!$D:$D,0)),"") -> 3 | D16: =IFERROR(INDEX(日別データ!$E:$E,MATCH($A16*100+D$5,日別データ!$D:$D,0)),"") -> 3 | E16: =IFERROR(INDEX(日別データ!$E:$E,MATCH($A16*100+E$5,日別データ!$D:$D,0)),"") -> 3 | F16: =IFERROR(INDEX(日別データ!$E:$E,MATCH($A16*100+F$5,日別データ!$D:$D,0)),"") -> 3 | G16: =IFERROR(INDEX(日別データ!$E:$E,MATCH($A16*100+G$5,日別データ!$D:$D,0)),"") -> 3 | H16: =IFERROR(INDEX(日別データ!$E:$E,MATCH($A16*100+H$5,日別データ!$D:$D,0)),"") -> 3 | I16: =IFERROR(INDEX(日別データ!$E:$E,MATCH($A16*100+I$5,日別データ!$D:$D,0)),"") -> 3 | ... AF16: =IFERROR(INDEX(日別データ!$E:$E,MATCH($A16*100+AF$5,日別データ!$D:$D,0)),"")
A17: 12 | B17: =IFERROR(INDEX(日別データ!$E:$E,MATCH($A17*100+B$5,日別データ!$D:$D,0)),"") -> 6 | C17: =IFERROR(INDEX(日別データ!$E:$E,MATCH($A17*100+C$5,日別データ!$D:$D,0)),"") -> 6 | D17: =IFERROR(INDEX(日別データ!$E:$E,MATCH($A17*100+D$5,日別データ!$D:$D,0)),"") -> 6 | E17: =IFERROR(INDEX(日別データ!$E:$E,MATCH($A17*100+E$5,日別データ!$D:$D,0)),"") -> 6 | F17: =IFERROR(INDEX(日別データ!$E:$E,MATCH($A17*100+F$5,日別データ!$D:$D,0)),"") -> 6 | G17: =IFERROR(INDEX(日別データ!$E:$E,MATCH($A17*100+G$5,日別データ!$D:$D,0)),"") -> 6 | H17: =IFERROR(INDEX(日別データ!$E:$E,MATCH($A17*100+H$5,日別データ!$D:$D,0)),"") -> 6 | I17: =IFERROR(INDEX(日別データ!$E:$E,MATCH($A17*100+I$5,日別データ!$D:$D,0)),"") -> 6 | ... AF17: =IFERROR(INDEX(日別データ!$E:$E,MATCH($A17*100+AF$5,日別データ!$D:$D,0)),"") -> 6
A20: ■ 混和剤の適用期（標＝標準期・標準形／夏＝夏期・遅延形／冬＝冬期・標準形）
A21: 月＼日 | B21: 1 | C21: 2 | D21: 3 | E21: 4 | F21: 5 | G21: 6 | H21: 7 | I21: 8 | J21: 9 | K21: 10 | L21: 11 | M21: 12 | N21: 13 | O21: 14 | P21: 15 | Q21: 16 | R21: 17 | S21: 18 | T21: 19 | U21: 20 | V21: 21 | W21: 22 | X21: 23 | Y21: 24 | Z21: 25 | AA21: 26 | AB21: 27 | AC21: 28 | AD21: 29 | AE21: 30 | AF21: 31
A22: 1 | B22: =IFERROR(LEFT(INDEX(日別データ!$G:$G,MATCH($A22*100+B$21,日別データ!$D:$D,0)),1),"") -> 冬 | C22: =IFERROR(LEFT(INDEX(日別データ!$G:$G,MATCH($A22*100+C$21,日別データ!$D:$D,0)),1),"") -> 冬 | D22: =IFERROR(LEFT(INDEX(日別データ!$G:$G,MATCH($A22*100+D$21,日別データ!$D:$D,0)),1),"") -> 冬 | E22: =IFERROR(LEFT(INDEX(日別データ!$G:$G,MATCH($A22*100+E$21,日別データ!$D:$D,0)),1),"") -> 冬 | F22: =IFERROR(LEFT(INDEX(日別データ!$G:$G,MATCH($A22*100+F$21,日別データ!$D:$D,0)),1),"") -> 冬 | G22: =IFERROR(LEFT(INDEX(日別データ!$G:$G,MATCH($A22*100+G$21,日別データ!$D:$D,0)),1),"") -> 冬 | H22: =IFERROR(LEFT(INDEX(日別データ!$G:$G,MATCH($A22*100+H$21,日別データ!$D:$D,0)),1),"") -> 冬 | I22: =IFERROR(LEFT(INDEX(日別データ!$G:$G,MATCH($A22*100+I$21,日別データ!$D:$D,0)),1),"") -> 冬 | ... AF22: =IFERROR(LEFT(INDEX(日別データ!$G:$G,MATCH($A22*100+AF$21,日別データ!$D:$D,0)),1),"") -> 冬
A23: 2 | B23: =IFERROR(LEFT(INDEX(日別データ!$G:$G,MATCH($A23*100+B$21,日別データ!$D:$D,0)),1),"") -> 冬 | C23: =IFERROR(LEFT(INDEX(日別データ!$G:$G,MATCH($A23*100+C$21,日別データ!$D:$D,0)),1),"") -> 冬 | D23: =IFERROR(LEFT(INDEX(日別データ!$G:$G,MATCH($A23*100+D$21,日別データ!$D:$D,0)),1),"") -> 冬 | E23: =IFERROR(LEFT(INDEX(日別データ!$G:$G,MATCH($A23*100+E$21,日別データ!$D:$D,0)),1),"") -> 冬 | F23: =IFERROR(LEFT(INDEX(日別データ!$G:$G,MATCH($A23*100+F$21,日別データ!$D:$D,0)),1),"") -> 冬 | G23: =IFERROR(LEFT(INDEX(日別データ!$G:$G,MATCH($A23*100+G$21,日別データ!$D:$D,0)),1),"") -> 冬 | H23: =IFERROR(LEFT(INDEX(日別データ!$G:$G,MATCH($A23*100+H$21,日別データ!$D:$D,0)),1),"") -> 冬 | I23: =IFERROR(LEFT(INDEX(日別データ!$G:$G,MATCH($A23*100+I$21,日別データ!$D:$D,0)),1),"") -> 冬 | ... AF23: =IFERROR(LEFT(INDEX(日別データ!$G:$G,MATCH($A23*100+AF$21,日別データ!$D:$D,0)),1),"")
A24: 3 | B24: =IFERROR(LEFT(INDEX(日別データ!$G:$G,MATCH($A24*100+B$21,日別データ!$D:$D,0)),1),"") -> 冬 | C24: =IFERROR(LEFT(INDEX(日別データ!$G:$G,MATCH($A24*100+C$21,日別データ!$D:$D,0)),1),"") -> 冬 | D24: =IFERROR(LEFT(INDEX(日別データ!$G:$G,MATCH($A24*100+D$21,日別データ!$D:$D,0)),1),"") -> 冬 | E24: =IFERROR(LEFT(INDEX(日別データ!$G:$G,MATCH($A24*100+E$21,日別データ!$D:$D,0)),1),"") -> 冬 | F24: =IFERROR(LEFT(INDEX(日別データ!$G:$G,MATCH($A24*100+F$21,日別データ!$D:$D,0)),1),"") -> 冬 | G24: =IFERROR(LEFT(INDEX(日別データ!$G:$G,MATCH($A24*100+G$21,日別データ!$D:$D,0)),1),"") -> 冬 | H24: =IFERROR(LEFT(INDEX(日別データ!$G:$G,MATCH($A24*100+H$21,日別データ!$D:$D,0)),1),"") -> 冬 | I24: =IFERROR(LEFT(INDEX(日別データ!$G:$G,MATCH($A24*100+I$21,日別データ!$D:$D,0)),1),"") -> 標 | ... AF24: =IFERROR(LEFT(INDEX(日別データ!$G:$G,MATCH($A24*100+AF$21,日別データ!$D:$D,0)),1),"") -> 標
A25: 4 | B25: =IFERROR(LEFT(INDEX(日別データ!$G:$G,MATCH($A25*100+B$21,日別データ!$D:$D,0)),1),"") -> 標 | C25: =IFERROR(LEFT(INDEX(日別データ!$G:$G,MATCH($A25*100+C$21,日別データ!$D:$D,0)),1),"") -> 標 | D25: =IFERROR(LEFT(INDEX(日別データ!$G:$G,MATCH($A25*100+D$21,日別データ!$D:$D,0)),1),"") -> 標 | E25: =IFERROR(LEFT(INDEX(日別データ!$G:$G,MATCH($A25*100+E$21,日別データ!$D:$D,0)),1),"") -> 標 | F25: =IFERROR(LEFT(INDEX(日別データ!$G:$G,MATCH($A25*100+F$21,日別データ!$D:$D,0)),1),"") -> 標 | G25: =IFERROR(LEFT(INDEX(日別データ!$G:$G,MATCH($A25*100+G$21,日別データ!$D:$D,0)),1),"") -> 標 | H25: =IFERROR(LEFT(INDEX(日別データ!$G:$G,MATCH($A25*100+H$21,日別データ!$D:$D,0)),1),"") -> 標 | I25: =IFERROR(LEFT(INDEX(日別データ!$G:$G,MATCH($A25*100+I$21,日別データ!$D:$D,0)),1),"") -> 標 | ... AF25: =IFERROR(LEFT(INDEX(日別データ!$G:$G,MATCH($A25*100+AF$21,日別データ!$D:$D,0)),1),"")
A26: 5 | B26: =IFERROR(LEFT(INDEX(日別データ!$G:$G,MATCH($A26*100+B$21,日別データ!$D:$D,0)),1),"") -> 標 | C26: =IFERROR(LEFT(INDEX(日別データ!$G:$G,MATCH($A26*100+C$21,日別データ!$D:$D,0)),1),"") -> 標 | D26: =IFERROR(LEFT(INDEX(日別データ!$G:$G,MATCH($A26*100+D$21,日別データ!$D:$D,0)),1),"") -> 標 | E26: =IFERROR(LEFT(INDEX(日別データ!$G:$G,MATCH($A26*100+E$21,日別データ!$D:$D,0)),1),"") -> 標 | F26: =IFERROR(LEFT(INDEX(日別データ!$G:$G,MATCH($A26*100+F$21,日別データ!$D:$D,0)),1),"") -> 標 | G26: =IFERROR(LEFT(INDEX(日別データ!$G:$G,MATCH($A26*100+G$21,日別データ!$D:$D,0)),1),"") -> 標 | H26: =IFERROR(LEFT(INDEX(日別データ!$G:$G,MATCH($A26*100+H$21,日別データ!$D:$D,0)),1),"") -> 標 | I26: =IFERROR(LEFT(INDEX(日別データ!$G:$G,MATCH($A26*100+I$21,日別データ!$D:$D,0)),1),"") -> 標 | ... AF26: =IFERROR(LEFT(INDEX(日別データ!$G:$G,MATCH($A26*100+AF$21,日別データ!$D:$D,0)),1),"") -> 標
A27: 6 | B27: =IFERROR(LEFT(INDEX(日別データ!$G:$G,MATCH($A27*100+B$21,日別データ!$D:$D,0)),1),"") -> 標 | C27: =IFERROR(LEFT(INDEX(日別データ!$G:$G,MATCH($A27*100+C$21,日別データ!$D:$D,0)),1),"") -> 標 | D27: =IFERROR(LEFT(INDEX(日別データ!$G:$G,MATCH($A27*100+D$21,日別データ!$D:$D,0)),1),"") -> 標 | E27: =IFERROR(LEFT(INDEX(日別データ!$G:$G,MATCH($A27*100+E$21,日別データ!$D:$D,0)),1),"") -> 標 | F27: =IFERROR(LEFT(INDEX(日別データ!$G:$G,MATCH($A27*100+F$21,日別データ!$D:$D,0)),1),"") -> 標 | G27: =IFERROR(LEFT(INDEX(日別データ!$G:$G,MATCH($A27*100+G$21,日別データ!$D:$D,0)),1),"") -> 標 | H27: =IFERROR(LEFT(INDEX(日別データ!$G:$G,MATCH($A27*100+H$21,日別データ!$D:$D,0)),1),"") -> 標 | I27: =IFERROR(LEFT(INDEX(日別データ!$G:$G,MATCH($A27*100+I$21,日別データ!$D:$D,0)),1),"") -> 標 | ... AF27: =IFERROR(LEFT(INDEX(日別データ!$G:$G,MATCH($A27*100+AF$21,日別データ!$D:$D,0)),1),"")
A28: 7 | B28: =IFERROR(LEFT(INDEX(日別データ!$G:$G,MATCH($A28*100+B$21,日別データ!$D:$D,0)),1),"") -> 夏 | C28: =IFERROR(LEFT(INDEX(日別データ!$G:$G,MATCH($A28*100+C$21,日別データ!$D:$D,0)),1),"") -> 夏 | D28: =IFERROR(LEFT(INDEX(日別データ!$G:$G,MATCH($A28*100+D$21,日別データ!$D:$D,0)),1),"") -> 夏 | E28: =IFERROR(LEFT(INDEX(日別データ!$G:$G,MATCH($A28*100+E$21,日別データ!$D:$D,0)),1),"") -> 夏 | F28: =IFERROR(LEFT(INDEX(日別データ!$G:$G,MATCH($A28*100+F$21,日別データ!$D:$D,0)),1),"") -> 夏 | G28: =IFERROR(LEFT(INDEX(日別データ!$G:$G,MATCH($A28*100+G$21,日別データ!$D:$D,0)),1),"") -> 夏 | H28: =IFERROR(LEFT(INDEX(日別データ!$G:$G,MATCH($A28*100+H$21,日別データ!$D:$D,0)),1),"") -> 夏 | I28: =IFERROR(LEFT(INDEX(日別データ!$G:$G,MATCH($A28*100+I$21,日別データ!$D:$D,0)),1),"") -> 夏 | ... AF28: =IFERROR(LEFT(INDEX(日別データ!$G:$G,MATCH($A28*100+AF$21,日別データ!$D:$D,0)),1),"") -> 夏
A29: 8 | B29: =IFERROR(LEFT(INDEX(日別データ!$G:$G,MATCH($A29*100+B$21,日別データ!$D:$D,0)),1),"") -> 夏 | C29: =IFERROR(LEFT(INDEX(日別データ!$G:$G,MATCH($A29*100+C$21,日別データ!$D:$D,0)),1),"") -> 夏 | D29: =IFERROR(LEFT(INDEX(日別データ!$G:$G,MATCH($A29*100+D$21,日別データ!$D:$D,0)),1),"") -> 夏 | E29: =IFERROR(LEFT(INDEX(日別データ!$G:$G,MATCH($A29*100+E$21,日別データ!$D:$D,0)),1),"") -> 夏 | F29: =IFERROR(LEFT(INDEX(日別データ!$G:$G,MATCH($A29*100+F$21,日別データ!$D:$D,0)),1),"") -> 夏 | G29: =IFERROR(LEFT(INDEX(日別データ!$G:$G,MATCH($A29*100+G$21,日別データ!$D:$D,0)),1),"") -> 夏 | H29: =IFERROR(LEFT(INDEX(日別データ!$G:$G,MATCH($A29*100+H$21,日別データ!$D:$D,0)),1),"") -> 夏 | I29: =IFERROR(LEFT(INDEX(日別データ!$G:$G,MATCH($A29*100+I$21,日別データ!$D:$D,0)),1),"") -> 夏 | ... AF29: =IFERROR(LEFT(INDEX(日別データ!$G:$G,MATCH($A29*100+AF$21,日別データ!$D:$D,0)),1),"") -> 夏
A30: 9 | B30: =IFERROR(LEFT(INDEX(日別データ!$G:$G,MATCH($A30*100+B$21,日別データ!$D:$D,0)),1),"") -> 夏 | C30: =IFERROR(LEFT(INDEX(日別データ!$G:$G,MATCH($A30*100+C$21,日別データ!$D:$D,0)),1),"") -> 夏 | D30: =IFERROR(LEFT(INDEX(日別データ!$G:$G,MATCH($A30*100+D$21,日別データ!$D:$D,0)),1),"") -> 夏 | E30: =IFERROR(LEFT(INDEX(日別データ!$G:$G,MATCH($A30*100+E$21,日別データ!$D:$D,0)),1),"") -> 夏 | F30: =IFERROR(LEFT(INDEX(日別データ!$G:$G,MATCH($A30*100+F$21,日別データ!$D:$D,0)),1),"") -> 夏 | G30: =IFERROR(LEFT(INDEX(日別データ!$G:$G,MATCH($A30*100+G$21,日別データ!$D:$D,0)),1),"") -> 夏 | H30: =IFERROR(LEFT(INDEX(日別データ!$G:$G,MATCH($A30*100+H$21,日別データ!$D:$D,0)),1),"") -> 夏 | I30: =IFERROR(LEFT(INDEX(日別データ!$G:$G,MATCH($A30*100+I$21,日別データ!$D:$D,0)),1),"") -> 夏 | ... AF30: =IFERROR(LEFT(INDEX(日別データ!$G:$G,MATCH($A30*100+AF$21,日別データ!$D:$D,0)),1),"")
A31: 10 | B31: =IFERROR(LEFT(INDEX(日別データ!$G:$G,MATCH($A31*100+B$21,日別データ!$D:$D,0)),1),"") -> 標 | C31: =IFERROR(LEFT(INDEX(日別データ!$G:$G,MATCH($A31*100+C$21,日別データ!$D:$D,0)),1),"") -> 標 | D31: =IFERROR(LEFT(INDEX(日別データ!$G:$G,MATCH($A31*100+D$21,日別データ!$D:$D,0)),1),"") -> 標 | E31: =IFERROR(LEFT(INDEX(日別データ!$G:$G,MATCH($A31*100+E$21,日別データ!$D:$D,0)),1),"") -> 標 | F31: =IFERROR(LEFT(INDEX(日別データ!$G:$G,MATCH($A31*100+F$21,日別データ!$D:$D,0)),1),"") -> 標 | G31: =IFERROR(LEFT(INDEX(日別データ!$G:$G,MATCH($A31*100+G$21,日別データ!$D:$D,0)),1),"") -> 標 | H31: =IFERROR(LEFT(INDEX(日別データ!$G:$G,MATCH($A31*100+H$21,日別データ!$D:$D,0)),1),"") -> 標 | I31: =IFERROR(LEFT(INDEX(日別データ!$G:$G,MATCH($A31*100+I$21,日別データ!$D:$D,0)),1),"") -> 標 | ... AF31: =IFERROR(LEFT(INDEX(日別データ!$G:$G,MATCH($A31*100+AF$21,日別データ!$D:$D,0)),1),"") -> 標
A32: 11 | B32: =IFERROR(LEFT(INDEX(日別データ!$G:$G,MATCH($A32*100+B$21,日別データ!$D:$D,0)),1),"") -> 標 | C32: =IFERROR(LEFT(INDEX(日別データ!$G:$G,MATCH($A32*100+C$21,日別データ!$D:$D,0)),1),"") -> 標 | D32: =IFERROR(LEFT(INDEX(日別データ!$G:$G,MATCH($A32*100+D$21,日別データ!$D:$D,0)),1),"") -> 標 | E32: =IFERROR(LEFT(INDEX(日別データ!$G:$G,MATCH($A32*100+E$21,日別データ!$D:$D,0)),1),"") -> 標 | F32: =IFERROR(LEFT(INDEX(日別データ!$G:$G,MATCH($A32*100+F$21,日別データ!$D:$D,0)),1),"") -> 標 | G32: =IFERROR(LEFT(INDEX(日別データ!$G:$G,MATCH($A32*100+G$21,日別データ!$D:$D,0)),1),"") -> 標 | H32: =IFERROR(LEFT(INDEX(日別データ!$G:$G,MATCH($A32*100+H$21,日別データ!$D:$D,0)),1),"") -> 標 | I32: =IFERROR(LEFT(INDEX(日別データ!$G:$G,MATCH($A32*100+I$21,日別データ!$D:$D,0)),1),"") -> 標 | ... AF32: =IFERROR(LEFT(INDEX(日別データ!$G:$G,MATCH($A32*100+AF$21,日別データ!$D:$D,0)),1),"")
A33: 12 | B33: =IFERROR(LEFT(INDEX(日別データ!$G:$G,MATCH($A33*100+B$21,日別データ!$D:$D,0)),1),"") -> 標 | C33: =IFERROR(LEFT(INDEX(日別データ!$G:$G,MATCH($A33*100+C$21,日別データ!$D:$D,0)),1),"") -> 標 | D33: =IFERROR(LEFT(INDEX(日別データ!$G:$G,MATCH($A33*100+D$21,日別データ!$D:$D,0)),1),"") -> 標 | E33: =IFERROR(LEFT(INDEX(日別データ!$G:$G,MATCH($A33*100+E$21,日別データ!$D:$D,0)),1),"") -> 標 | F33: =IFERROR(LEFT(INDEX(日別データ!$G:$G,MATCH($A33*100+F$21,日別データ!$D:$D,0)),1),"") -> 標 | G33: =IFERROR(LEFT(INDEX(日別データ!$G:$G,MATCH($A33*100+G$21,日別データ!$D:$D,0)),1),"") -> 標 | H33: =IFERROR(LEFT(INDEX(日別データ!$G:$G,MATCH($A33*100+H$21,日別データ!$D:$D,0)),1),"") -> 標 | I33: =IFERROR(LEFT(INDEX(日別データ!$G:$G,MATCH($A33*100+I$21,日別データ!$D:$D,0)),1),"") -> 冬 | ... AF33: =IFERROR(LEFT(INDEX(日別データ!$G:$G,MATCH($A33*100+AF$21,日別データ!$D:$D,0)),1),"") -> 冬
A35: 【凡例】 | C35: S値+6 | E35: S値+3 | G35: 標＝標準期（標準形） | K35: 夏＝夏期（遅延形） | O35: 冬＝冬期（標準形）
A37: ※ 空欄はその月に存在しない日（例：2/30）です。日数は平年基準のため 2/29 は表示されません。

Sheet 前提条件
A1: 前提条件（入力シート）
A2: 黄色のセルが入力欄です。月・日を書き換えると「日別データ」「年間カレンダー」「年間区分表」が自動で再計算されます。
A4: ■ スランプ（S値）の補正期間
A5: 区分 | B5: S値補正 | C5: 開始月 | D5: 開始日 | E5: 終了月 | F5: 終了日 | G5: 開始キー | H5: 終了キー
A6: S値+6 期間① | B6: 6 | C6: 6 | D6: 30 | E6: 9 | F6: 14 | G6: =C6*100+D6 -> 630 | H6: =E6*100+F6 -> 914
A7: S値+6 期間②（年をまたぐ） | B7: 6 | C7: 11 | D7: 27 | E7: 2 | F7: 20 | G7: =C7*100+D7 -> 1127 | H7: =E7*100+F7 -> 220
A8: S値+3（上記以外の期間） | B8: 3 | C8: － | D8: － | E8: － | F8: － | G8: － | H8: －
A10: ■ 混和剤の適用期間（AE減水剤／高性能AE減水剤 共通）
A11: 区分 | B11: 混和剤の種類（形式） | C11: 適用期 | D11: 開始月 | E11: 開始日 | F11: 終了月 | G11: 終了日 | H11: 開始キー | I11: 終了キー
A12: ① | B12: 標準形 | C12: 標準期 | D12: 3 | E12: 8 | F12: 6 | G12: 15 | H12: =D12*100+E12 -> 308 | I12: =F12*100+G12 -> 615
A13: ② | B13: 遅延形 | C13: 夏期 | D13: 6 | E13: 16 | F13: 9 | G13: 23 | H13: =D13*100+E13 -> 616 | I13: =F13*100+G13 -> 923
A14: ③ | B14: 標準形 | C14: 標準期 | D14: 9 | E14: 24 | F14: 12 | G14: 7 | H14: =D14*100+E14 -> 924 | I14: =F14*100+G14 -> 1207
A15: ④ | B15: 標準形 | C15: 冬期 | D15: 12 | E15: 8 | F15: 3 | G15: 7 | H15: =D15*100+E15 -> 1208 | I15: =F15*100+G15 -> 307
A18: 【前提・注記】
A19: ・出典：ご提示条件（2026-08-24 受領）。S値+6＝6/30～9/14, 11/27～2/20／それ以外はS値+3。
A20: ・混和剤はAE減水剤・高性能AE減水剤とも同一日程（標準期 3/8～6/15・9/24～12/7、夏期 6/16～9/23、冬期 12/8～3/7）。
A21: ・「開始キー／終了キー」は月×100＋日で表した判定用の数値（例：6/30→630）。年をまたぐ期間も判定できます。
A22: ・日数は平年（365日）で集計しています。うるう年は 2/29 が区分②（S値+3・冬期／標準形）に入り、同区分が1日増えます。

Sheet 日別データ
A1: 日別データ（平年365日の自動判定）
A2: 「前提条件」シートの期間から、1日ごとのS値補正・混和剤の種類・適用期を数式で判定しています。 | J2: ▼ 判定用（1=該当）
A3: 月 | B3: 日 | C3: 日付 | D3: 判定キー | E3: S値補正 | F3: 混和剤の種類（形式） | G3: 適用期 | H3: 組合せ | J3: S① | K3: S② | L3: 混① | M3: 混② | N3: 混③ | O3: 混④
A4: 1 | B4: 1 | C4: =A4&"/"&B4 -> 1/1 | D4: =A4*100+B4 -> 101 | E4: =IF(SUM(J4:K4)>0,前提条件!$B$6,前提条件!$B$8) -> 6 | F4: =IFERROR(INDEX(前提条件!$B$12:$B$15,MATCH(1,L4:O4,0)),"未設定") -> 標準形 | G4: =IFERROR(INDEX(前提条件!$C$12:$C$15,MATCH(1,L4:O4,0)),"未設定") -> 冬期 | H4: ="S値+"&E4&"／"&F4&"（"&G4&"）" -> S値+6／標準形（冬期） | J4: =IF(IF(前提条件!$G$6<=前提条件!$H$6,AND($D4>=前提条件!$G$6,$D4<=前提条件!$H$6),OR($D4>=前提条件!$G$6,$D4<=前提条件!$H$6)),1,0) -> 0 | K4: =IF(IF(前提条件!$G$7<=前提条件!$H$7,AND($D4>=前提条件!$G$7,$D4<=前提条件!$H$7),OR($D4>=前提条件!$G$7,$D4<=前提条件!$H$7)),1,0) -> 1 | L4: =IF(IF(前提条件!$H$12<=前提条件!$I$12,AND($D4>=前提条件!$H$12,$D4<=前提条件!$I$12),OR($D4>=前提条件!$H$12,$D4<=前提条件!$I$12)),1,0) -> 0 | M4: =IF(IF(前提条件!$H$13<=前提条件!$I$13,AND($D4>=前提条件!$H$13,$D4<=前提条件!$I$13),OR($D4>=前提条件!$H$13,$D4<=前提条件!$I$13)),1,0) -> 0 | N4: =IF(IF(前提条件!$H$14<=前提条件!$I$14,AND($D4>=前提条件!$H$14,$D4<=前提条件!$I$14),OR($D4>=前提条件!$H$14,$D4<=前提条件!$I$14)),1,0) -> 0 | O4: =IF(IF(前提条件!$H$15<=前提条件!$I$15,AND($D4>=前提条件!$H$15,$D4<=前提条件!$I$15),OR($D4>=前提条件!$H$15,$D4<=前提条件!$I$15)),1,0) -> 1
A5: 1 | B5: 2 | C5: =A5&"/"&B5 -> 1/2 | D5: =A5*100+B5 -> 102 | E5: =IF(SUM(J5:K5)>0,前提条件!$B$6,前提条件!$B$8) -> 6 | F5: =IFERROR(INDEX(前提条件!$B$12:$B$15,MATCH(1,L5:O5,0)),"未設定") -> 標準形 | G5: =IFERROR(INDEX(前提条件!$C$12:$C$15,MATCH(1,L5:O5,0)),"未設定") -> 冬期 | H5: ="S値+"&E5&"／"&F5&"（"&G5&"）" -> S値+6／標準形（冬期） | J5: =IF(IF(前提条件!$G$6<=前提条件!$H$6,AND($D5>=前提条件!$G$6,$D5<=前提条件!$H$6),OR($D5>=前提条件!$G$6,$D5<=前提条件!$H$6)),1,0) -> 0 | K5: =IF(IF(前提条件!$G$7<=前提条件!$H$7,AND($D5>=前提条件!$G$7,$D5<=前提条件!$H$7),OR($D5>=前提条件!$G$7,$D5<=前提条件!$H$7)),1,0) -> 1 | L5: =IF(IF(前提条件!$H$12<=前提条件!$I$12,AND($D5>=前提条件!$H$12,$D5<=前提条件!$I$12),OR($D5>=前提条件!$H$12,$D5<=前提条件!$I$12)),1,0) -> 0 | M5: =IF(IF(前提条件!$H$13<=前提条件!$I$13,AND($D5>=前提条件!$H$13,$D5<=前提条件!$I$13),OR($D5>=前提条件!$H$13,$D5<=前提条件!$I$13)),1,0) -> 0 | N5: =IF(IF(前提条件!$H$14<=前提条件!$I$14,AND($D5>=前提条件!$H$14,$D5<=前提条件!$I$14),OR($D5>=前提条件!$H$14,$D5<=前提条件!$I$14)),1,0) -> 0 | O5: =IF(IF(前提条件!$H$15<=前提条件!$I$15,AND($D5>=前提条件!$H$15,$D5<=前提条件!$I$15),OR($D5>=前提条件!$H$15,$D5<=前提条件!$I$15)),1,0) -> 1
A6: 1 | B6: 3 | C6: =A6&"/"&B6 -> 1/3 | D6: =A6*100+B6 -> 103 | E6: =IF(SUM(J6:K6)>0,前提条件!$B$6,前提条件!$B$8) -> 6 | F6: =IFERROR(INDEX(前提条件!$B$12:$B$15,MATCH(1,L6:O6,0)),"未設定") -> 標準形 | G6: =IFERROR(INDEX(前提条件!$C$12:$C$15,MATCH(1,L6:O6,0)),"未設定") -> 冬期 | H6: ="S値+"&E6&"／"&F6&"（"&G6&"）" -> S値+6／標準形（冬期） | J6: =IF(IF(前提条件!$G$6<=前提条件!$H$6,AND($D6>=前提条件!$G$6,$D6<=前提条件!$H$6),OR($D6>=前提条件!$G$6,$D6<=前提条件!$H$6)),1,0) -> 0 | K6: =IF(IF(前提条件!$G$7<=前提条件!$H$7,AND($D6>=前提条件!$G$7,$D6<=前提条件!$H$7),OR($D6>=前提条件!$G$7,$D6<=前提条件!$H$7)),1,0) -> 1 | L6: =IF(IF(前提条件!$H$12<=前提条件!$I$12,AND($D6>=前提条件!$H$12,$D6<=前提条件!$I$12),OR($D6>=前提条件!$H$12,$D6<=前提条件!$I$12)),1,0) -> 0 | M6: =IF(IF(前提条件!$H$13<=前提条件!$I$13,AND($D6>=前提条件!$H$13,$D6<=前提条件!$I$13),OR($D6>=前提条件!$H$13,$D6<=前提条件!$I$13)),1,0) -> 0 | N6: =IF(IF(前提条件!$H$14<=前提条件!$I$14,AND($D6>=前提条件!$H$14,$D6<=前提条件!$I$14),OR($D6>=前提条件!$H$14,$D6<=前提条件!$I$14)),1,0) -> 0 | O6: =IF(IF(前提条件!$H$15<=前提条件!$I$15,AND($D6>=前提条件!$H$15,$D6<=前提条件!$I$15),OR($D6>=前提条件!$H$15,$D6<=前提条件!$I$15)),1,0) -> 1
A7: 1 | B7: 4 | C7: =A7&"/"&B7 -> 1/4 | D7: =A7*100+B7 -> 104 | E7: =IF(SUM(J7:K7)>0,前提条件!$B$6,前提条件!$B$8) -> 6 | F7: =IFERROR(INDEX(前提条件!$B$12:$B$15,MATCH(1,L7:O7,0)),"未設定") -> 標準形 | G7: =IFERROR(INDEX(前提条件!$C$12:$C$15,MATCH(1,L7:O7,0)),"未設定") -> 冬期 | H7: ="S値+"&E7&"／"&F7&"（"&G7&"）" -> S値+6／標準形（冬期） | J7: =IF(IF(前提条件!$G$6<=前提条件!$H$6,AND($D7>=前提条件!$G$6,$D7<=前提条件!$H$6),OR($D7>=前提条件!$G$6,$D7<=前提条件!$H$6)),1,0) -> 0 | K7: =IF(IF(前提条件!$G$7<=前提条件!$H$7,AND($D7>=前提条件!$G$7,$D7<=前提条件!$H$7),OR($D7>=前提条件!$G$7,$D7<=前提条件!$H$7)),1,0) -> 1 | L7: =IF(IF(前提条件!$H$12<=前提条件!$I$12,AND($D7>=前提条件!$H$12,$D7<=前提条件!$I$12),OR($D7>=前提条件!$H$12,$D7<=前提条件!$I$12)),1,0) -> 0 | M7: =IF(IF(前提条件!$H$13<=前提条件!$I$13,AND($D7>=前提条件!$H$13,$D7<=前提条件!$I$13),OR($D7>=前提条件!$H$13,$D7<=前提条件!$I$13)),1,0) -> 0 | N7: =IF(IF(前提条件!$H$14<=前提条件!$I$14,AND($D7>=前提条件!$H$14,$D7<=前提条件!$I$14),OR($D7>=前提条件!$H$14,$D7<=前提条件!$I$14)),1,0) -> 0 | O7: =IF(IF(前提条件!$H$15<=前提条件!$I$15,AND($D7>=前提条件!$H$15,$D7<=前提条件!$I$15),OR($D7>=前提条件!$H$15,$D7<=前提条件!$I$15)),1,0) -> 1
A8: 1 | B8: 5 | C8: =A8&"/"&B8 -> 1/5 | D8: =A8*100+B8 -> 105 | E8: =IF(SUM(J8:K8)>0,前提条件!$B$6,前提条件!$B$8) -> 6 | F8: =IFERROR(INDEX(前提条件!$B$12:$B$15,MATCH(1,L8:O8,0)),"未設定") -> 標準形 | G8: =IFERROR(INDEX(前提条件!$C$12:$C$15,MATCH(1,L8:O8,0)),"未設定") -> 冬期 | H8: ="S値+"&E8&"／"&F8&"（"&G8&"）" -> S値+6／標準形（冬期） | J8: =IF(IF(前提条件!$G$6<=前提条件!$H$6,AND($D8>=前提条件!$G$6,$D8<=前提条件!$H$6),OR($D8>=前提条件!$G$6,$D8<=前提条件!$H$6)),1,0) -> 0 | K8: =IF(IF(前提条件!$G$7<=前提条件!$H$7,AND($D8>=前提条件!$G$7,$D8<=前提条件!$H$7),OR($D8>=前提条件!$G$7,$D8<=前提条件!$H$7)),1,0) -> 1 | L8: =IF(IF(前提条件!$H$12<=前提条件!$I$12,AND($D8>=前提条件!$H$12,$D8<=前提条件!$I$12),OR($D8>=前提条件!$H$12,$D8<=前提条件!$I$12)),1,0) -> 0 | M8: =IF(IF(前提条件!$H$13<=前提条件!$I$13,AND($D8>=前提条件!$H$13,$D8<=前提条件!$I$13),OR($D8>=前提条件!$H$13,$D8<=前提条件!$I$13)),1,0) -> 0 | N8: =IF(IF(前提条件!$H$14<=前提条件!$I$14,AND($D8>=前提条件!$H$14,$D8<=前提条件!$I$14),OR($D8>=前提条件!$H$14,$D8<=前提条件!$I$14)),1,0) -> 0 | O8: =IF(IF(前提条件!$H$15<=前提条件!$I$15,AND($D8>=前提条件!$H$15,$D8<=前提条件!$I$15),OR($D8>=前提条件!$H$15,$D8<=前提条件!$I$15)),1,0) -> 1
A9: 1 | B9: 6 | C9: =A9&"/"&B9 -> 1/6 | D9: =A9*100+B9 -> 106 | E9: =IF(SUM(J9:K9)>0,前提条件!$B$6,前提条件!$B$8) -> 6 | F9: =IFERROR(INDEX(前提条件!$B$12:$B$15,MATCH(1,L9:O9,0)),"未設定") -> 標準形 | G9: =IFERROR(INDEX(前提条件!$C$12:$C$15,MATCH(1,L9:O9,0)),"未設定") -> 冬期 | H9: ="S値+"&E9&"／"&F9&"（"&G9&"）" -> S値+6／標準形（冬期） | J9: =IF(IF(前提条件!$G$6<=前提条件!$H$6,AND($D9>=前提条件!$G$6,$D9<=前提条件!$H$6),OR($D9>=前提条件!$G$6,$D9<=前提条件!$H$6)),1,0) -> 0 | K9: =IF(IF(前提条件!$G$7<=前提条件!$H$7,AND($D9>=前提条件!$G$7,$D9<=前提条件!$H$7),OR($D9>=前提条件!$G$7,$D9<=前提条件!$H$7)),1,0) -> 1 | L9: =IF(IF(前提条件!$H$12<=前提条件!$I$12,AND($D9>=前提条件!$H$12,$D9<=前提条件!$I$12),OR($D9>=前提条件!$H$12,$D9<=前提条件!$I$12)),1,0) -> 0 | M9: =IF(IF(前提条件!$H$13<=前提条件!$I$13,AND($D9>=前提条件!$H$13,$D9<=前提条件!$I$13),OR($D9>=前提条件!$H$13,$D9<=前提条件!$I$13)),1,0) -> 0 | N9: =IF(IF(前提条件!$H$14<=前提条件!$I$14,AND($D9>=前提条件!$H$14,$D9<=前提条件!$I$14),OR($D9>=前提条件!$H$14,$D9<=前提条件!$I$14)),1,0) -> 0 | O9: =IF(IF(前提条件!$H$15<=前提条件!$I$15,AND($D9>=前提条件!$H$15,$D9<=前提条件!$I$15),OR($D9>=前提条件!$H$15,$D9<=前提条件!$I$15)),1,0) -> 1
A10: 1 | B10: 7 | C10: =A10&"/"&B10 -> 1/7 | D10: =A10*100+B10 -> 107 | E10: =IF(SUM(J10:K10)>0,前提条件!$B$6,前提条件!$B$8) -> 6 | F10: =IFERROR(INDEX(前提条件!$B$12:$B$15,MATCH(1,L10:O10,0)),"未設定") -> 標準形 | G10: =IFERROR(INDEX(前提条件!$C$12:$C$15,MATCH(1,L10:O10,0)),"未設定") -> 冬期 | H10: ="S値+"&E10&"／"&F10&"（"&G10&"）" -> S値+6／標準形（冬期） | J10: =IF(IF(前提条件!$G$6<=前提条件!$H$6,AND($D10>=前提条件!$G$6,$D10<=前提条件!$H$6),OR($D10>=前提条件!$G$6,$D10<=前提条件!$H$6)),1,0) -> 0 | K10: =IF(IF(前提条件!$G$7<=前提条件!$H$7,AND($D10>=前提条件!$G$7,$D10<=前提条件!$H$7),OR($D10>=前提条件!$G$7,$D10<=前提条件!$H$7)),1,0) -> 1 | L10: =IF(IF(前提条件!$H$12<=前提条件!$I$12,AND($D10>=前提条件!$H$12,$D10<=前提条件!$I$12),OR($D10>=前提条件!$H$12,$D10<=前提条件!$I$12)),1,0) -> 0 | M10: =IF(IF(前提条件!$H$13<=前提条件!$I$13,AND($D10>=前提条件!$H$13,$D10<=前提条件!$I$13),OR($D10>=前提条件!$H$13,$D10<=前提条件!$I$13)),1,0) -> 0 | N10: =IF(IF(前提条件!$H$14<=前提条件!$I$14,AND($D10>=前提条件!$H$14,$D10<=前提条件!$I$14),OR($D10>=前提条件!$H$14,$D10<=前提条件!$I$14)),1,0) -> 0 | O10: =IF(IF(前提条件!$H$15<=前提条件!$I$15,AND($D10>=前提条件!$H$15,$D10<=前提条件!$I$15),OR($D10>=前提条件!$H$15,$D10<=前提条件!$I$15)),1,0) -> 1
A11: 1 | B11: 8 | C11: =A11&"/"&B11 -> 1/8 | D11: =A11*100+B11 -> 108 | E11: =IF(SUM(J11:K11)>0,前提条件!$B$6,前提条件!$B$8) -> 6 | F11: =IFERROR(INDEX(前提条件!$B$12:$B$15,MATCH(1,L11:O11,0)),"未設定") -> 標準形 | G11: =IFERROR(INDEX(前提条件!$C$12:$C$15,MATCH(1,L11:O11,0)),"未設定") -> 冬期 | H11: ="S値+"&E11&"／"&F11&"（"&G11&"）" -> S値+6／標準形（冬期） | J11: =IF(IF(前提条件!$G$6<=前提条件!$H$6,AND($D11>=前提条件!$G$6,$D11<=前提条件!$H$6),OR($D11>=前提条件!$G$6,$D11<=前提条件!$H$6)),1,0) -> 0 | K11: =IF(IF(前提条件!$G$7<=前提条件!$H$7,AND($D11>=前提条件!$G$7,$D11<=前提条件!$H$7),OR($D11>=前提条件!$G$7,$D11<=前提条件!$H$7)),1,0) -> 1 | L11: =IF(IF(前提条件!$H$12<=前提条件!$I$12,AND($D11>=前提条件!$H$12,$D11<=前提条件!$I$12),OR($D11>=前提条件!$H$12,$D11<=前提条件!$I$12)),1,0) -> 0 | M11: =IF(IF(前提条件!$H$13<=前提条件!$I$13,AND($D11>=前提条件!$H$13,$D11<=前提条件!$I$13),OR($D11>=前提条件!$H$13,$D11<=前提条件!$I$13)),1,0) -> 0 | N11: =IF(IF(前提条件!$H$14<=前提条件!$I$14,AND($D11>=前提条件!$H$14,$D11<=前提条件!$I$14),OR($D11>=前提条件!$H$14,$D11<=前提条件!$I$14)),1,0) -> 0 | O11: =IF(IF(前提条件!$H$15<=前提条件!$I$15,AND($D11>=前提条件!$H$15,$D11<=前提条件!$I$15),OR($D11>=前提条件!$H$15,$D11<=前提条件!$I$15)),1,0) -> 1
A12: 1 | B12: 9 | C12: =A12&"/"&B12 -> 1/9 | D12: =A12*100+B12 -> 109 | E12: =IF(SUM(J12:K12)>0,前提条件!$B$6,前提条件!$B$8) -> 6 | F12: =IFERROR(INDEX(前提条件!$B$12:$B$15,MATCH(1,L12:O12,0)),"未設定") -> 標準形 | G12: =IFERROR(INDEX(前提条件!$C$12:$C$15,MATCH(1,L12:O12,0)),"未設定") -> 冬期 | H12: ="S値+"&E12&"／"&F12&"（"&G12&"）" -> S値+6／標準形（冬期） | J12: =IF(IF(前提条件!$G$6<=前提条件!$H$6,AND($D12>=前提条件!$G$6,$D12<=前提条件!$H$6),OR($D12>=前提条件!$G$6,$D12<=前提条件!$H$6)),1,0) -> 0 | K12: =IF(IF(前提条件!$G$7<=前提条件!$H$7,AND($D12>=前提条件!$G$7,$D12<=前提条件!$H$7),OR($D12>=前提条件!$G$7,$D12<=前提条件!$H$7)),1,0) -> 1 | L12: =IF(IF(前提条件!$H$12<=前提条件!$I$12,AND($D12>=前提条件!$H$12,$D12<=前提条件!$I$12),OR($D12>=前提条件!$H$12,$D12<=前提条件!$I$12)),1,0) -> 0 | M12: =IF(IF(前提条件!$H$13<=前提条件!$I$13,AND($D12>=前提条件!$H$13,$D12<=前提条件!$I$13),OR($D12>=前提条件!$H$13,$D12<=前提条件!$I$13)),1,0) -> 0 | N12: =IF(IF(前提条件!$H$14<=前提条件!$I$14,AND($D12>=前提条件!$H$14,$D12<=前提条件!$I$14),OR($D12>=前提条件!$H$14,$D12<=前提条件!$I$14)),1,0) -> 0 | O12: =IF(IF(前提条件!$H$15<=前提条件!$I$15,AND($D12>=前提条件!$H$15,$D12<=前提条件!$I$15),OR($D12>=前提条件!$H$15,$D12<=前提条件!$I$15)),1,0) -> 1
A13: 1 | B13: 10 | C13: =A13&"/"&B13 -> 1/10 | D13: =A13*100+B13 -> 110 | E13: =IF(SUM(J13:K13)>0,前提条件!$B$6,前提条件!$B$8) -> 6 | F13: =IFERROR(INDEX(前提条件!$B$12:$B$15,MATCH(1,L13:O13,0)),"未設定") -> 標準形 | G13: =IFERROR(INDEX(前提条件!$C$12:$C$15,MATCH(1,L13:O13,0)),"未設定") -> 冬期 | H13: ="S値+"&E13&"／"&F13&"（"&G13&"）" -> S値+6／標準形（冬期） | J13: =IF(IF(前提条件!$G$6<=前提条件!$H$6,AND($D13>=前提条件!$G$6,$D13<=前提条件!$H$6),OR($D13>=前提条件!$G$6,$D13<=前提条件!$H$6)),1,0) -> 0 | K13: =IF(IF(前提条件!$G$7<=前提条件!$H$7,AND($D13>=前提条件!$G$7,$D13<=前提条件!$H$7),OR($D13>=前提条件!$G$7,$D13<=前提条件!$H$7)),1,0) -> 1 | L13: =IF(IF(前提条件!$H$12<=前提条件!$I$12,AND($D13>=前提条件!$H$12,$D13<=前提条件!$I$12),OR($D13>=前提条件!$H$12,$D13<=前提条件!$I$12)),1,0) -> 0 | M13: =IF(IF(前提条件!$H$13<=前提条件!$I$13,AND($D13>=前提条件!$H$13,$D13<=前提条件!$I$13),OR($D13>=前提条件!$H$13,$D13<=前提条件!$I$13)),1,0) -> 0 | N13: =IF(IF(前提条件!$H$14<=前提条件!$I$14,AND($D13>=前提条件!$H$14,$D13<=前提条件!$I$14),OR($D13>=前提条件!$H$14,$D13<=前提条件!$I$14)),1,0) -> 0 | O13: =IF(IF(前提条件!$H$15<=前提条件!$I$15,AND($D13>=前提条件!$H$15,$D13<=前提条件!$I$15),OR($D13>=前提条件!$H$15,$D13<=前提条件!$I$15)),1,0) -> 1
A14: 1 | B14: 11 | C14: =A14&"/"&B14 -> 1/11 | D14: =A14*100+B14 -> 111 | E14: =IF(SUM(J14:K14)>0,前提条件!$B$6,前提条件!$B$8) -> 6 | F14: =IFERROR(INDEX(前提条件!$B$12:$B$15,MATCH(1,L14:O14,0)),"未設定") -> 標準形 | G14: =IFERROR(INDEX(前提条件!$C$12:$C$15,MATCH(1,L14:O14,0)),"未設定") -> 冬期 | H14: ="S値+"&E14&"／"&F14&"（"&G14&"）" -> S値+6／標準形（冬期） | J14: =IF(IF(前提条件!$G$6<=前提条件!$H$6,AND($D14>=前提条件!$G$6,$D14<=前提条件!$H$6),OR($D14>=前提条件!$G$6,$D14<=前提条件!$H$6)),1,0) -> 0 | K14: =IF(IF(前提条件!$G$7<=前提条件!$H$7,AND($D14>=前提条件!$G$7,$D14<=前提条件!$H$7),OR($D14>=前提条件!$G$7,$D14<=前提条件!$H$7)),1,0) -> 1 | L14: =IF(IF(前提条件!$H$12<=前提条件!$I$12,AND($D14>=前提条件!$H$12,$D14<=前提条件!$I$12),OR($D14>=前提条件!$H$12,$D14<=前提条件!$I$12)),1,0) -> 0 | M14: =IF(IF(前提条件!$H$13<=前提条件!$I$13,AND($D14>=前提条件!$H$13,$D14<=前提条件!$I$13),OR($D14>=前提条件!$H$13,$D14<=前提条件!$I$13)),1,0) -> 0 | N14: =IF(IF(前提条件!$H$14<=前提条件!$I$14,AND($D14>=前提条件!$H$14,$D14<=前提条件!$I$14),OR($D14>=前提条件!$H$14,$D14<=前提条件!$I$14)),1,0) -> 0 | O14: =IF(IF(前提条件!$H$15<=前提条件!$I$15,AND($D14>=前提条件!$H$15,$D14<=前提条件!$I$15),OR($D14>=前提条件!$H$15,$D14<=前提条件!$I$15)),1,0) -> 1
A15: 1 | B15: 12 | C15: =A15&"/"&B15 -> 1/12 | D15: =A15*100+B15 -> 112 | E15: =IF(SUM(J15:K15)>0,前提条件!$B$6,前提条件!$B$8) -> 6 | F15: =IFERROR(INDEX(前提条件!$B$12:$B$15,MATCH(1,L15:O15,0)),"未設定") -> 標準形 | G15: =IFERROR(INDEX(前提条件!$C$12:$C$15,MATCH(1,L15:O15,0)),"未設定") -> 冬期 | H15: ="S値+"&E15&"／"&F15&"（"&G15&"）" -> S値+6／標準形（冬期） | J15: =IF(IF(前提条件!$G$6<=前提条件!$H$6,AND($D15>=前提条件!$G$6,$D15<=前提条件!$H$6),OR($D15>=前提条件!$G$6,$D15<=前提条件!$H$6)),1,0) -> 0 | K15: =IF(IF(前提条件!$G$7<=前提条件!$H$7,AND($D15>=前提条件!$G$7,$D15<=前提条件!$H$7),OR($D15>=前提条件!$G$7,$D15<=前提条件!$H$7)),1,0) -> 1 | L15: =IF(IF(前提条件!$H$12<=前提条件!$I$12,AND($D15>=前提条件!$H$12,$D15<=前提条件!$I$12),OR($D15>=前提条件!$H$12,$D15<=前提条件!$I$12)),1,0) -> 0 | M15: =IF(IF(前提条件!$H$13<=前提条件!$I$13,AND($D15>=前提条件!$H$13,$D15<=前提条件!$I$13),OR($D15>=前提条件!$H$13,$D15<=前提条件!$I$13)),1,0) -> 0 | N15: =IF(IF(前提条件!$H$14<=前提条件!$I$14,AND($D15>=前提条件!$H$14,$D15<=前提条件!$I$14),OR($D15>=前提条件!$H$14,$D15<=前提条件!$I$14)),1,0) -> 0 | O15: =IF(IF(前提条件!$H$15<=前提条件!$I$15,AND($D15>=前提条件!$H$15,$D15<=前提条件!$I$15),OR($D15>=前提条件!$H$15,$D15<=前提条件!$I$15)),1,0) -> 1
... A368: 12 | B368: 31 | C368: =A368&"/"&B368 -> 12/31 | D368: =A368*100+B368 -> 1231 | E368: =IF(SUM(J368:K368)>0,前提条件!$B$6,前提条件!$B$8) -> 6 | F368: =IFERROR(INDEX(前提条件!$B$12:$B$15,MATCH(1,L368:O368,0)),"未設定") -> 標準形 | G368: =IFERROR(INDEX(前提条件!$C$12:$C$15,MATCH(1,L368:O368,0)),"未設定") -> 冬期 | H368: ="S値+"&E368&"／"&F368&"（"&G368&"）" -> S値+6／標準形（冬期） | J368: =IF(IF(前提条件!$G$6<=前提条件!$H$6,AND($D368>=前提条件!$G$6,$D368<=前提条件!$H$6),OR($D368>=前提条件!$G$6,$D368<=前提条件!$H$6)),1,0) -> 0 | K368: =IF(IF(前提条件!$G$7<=前提条件!$H$7,AND($D368>=前提条件!$G$7,$D368<=前提条件!$H$7),OR($D368>=前提条件!$G$7,$D368<=前提条件!$H$7)),1,0) -> 1 | L368: =IF(IF(前提条件!$H$12<=前提条件!$I$12,AND($D368>=前提条件!$H$12,$D368<=前提条件!$I$12),OR($D368>=前提条件!$H$12,$D368<=前提条件!$I$12)),1,0) -> 0 | M368: =IF(IF(前提条件!$H$13<=前提条件!$I$13,AND($D368>=前提条件!$H$13,$D368<=前提条件!$I$13),OR($D368>=前提条件!$H$13,$D368<=前提条件!$I$13)),1,0) -> 0 | N368: =IF(IF(前提条件!$H$14<=前提条件!$I$14,AND($D368>=前提条件!$H$14,$D368<=前提条件!$I$14),OR($D368>=前提条件!$H$14,$D368<=前提条件!$I$14)),1,0) -> 0 | O368: =IF(IF(前提条件!$H$15<=前提条件!$I$15,AND($D368>=前提条件!$H$15,$D368<=前提条件!$I$15),OR($D368>=前提条件!$H$15,$D368<=前提条件!$I$15)),1,0) -> 1
